{"cameraMode":{"drawMode":0,"name":"Shaded","section":"Shading Mode"},"sceneLighting":false,"audioPlay":false,"sceneViewState":{"showFog":true,"showMaterialUpdate":true,"showSkybox":true,"showFlares":true,"showImageEffects":true,"showParticleSystems":true},"in2DMode":false,"pivot":{"x":7.169973373413086,"y":-4.4298858642578129,"z":13.122014999389649},"rotation":{"x":-0.1797071397304535,"y":-0.604373574256897,"z":0.14234550297260285,"w":-0.7630061507225037},"size":21.91098976135254,"orthographic":false}