{"cameraMode":{"drawMode":0,"name":"Shaded","section":"Shading Mode"},"sceneLighting":false,"audioPlay":false,"sceneViewState":{"showFog":true,"showMaterialUpdate":true,"showSkybox":true,"showFlares":true,"showImageEffects":true,"showParticleSystems":true},"in2DMode":false,"pivot":{"x":-0.42487215995788576,"y":-0.16746920347213746,"z":1.3742586374282838},"rotation":{"x":-0.11977927386760712,"y":0.47372761368751528,"z":-0.06521859019994736,"w":-0.8700502514839172},"size":3.7073113918304445,"orthographic":false}