{"cameraMode":{"drawMode":0,"name":"Shaded","section":"Shading Mode"},"sceneLighting":false,"audioPlay":false,"sceneViewState":{"showFog":true,"showMaterialUpdate":true,"showSkybox":true,"showFlares":true,"showImageEffects":true,"showParticleSystems":true},"in2DMode":false,"pivot":{"x":-4.818075656890869,"y":-0.5850048065185547,"z":19.300579071044923},"rotation":{"x":0.1923311948776245,"y":-0.1770266592502594,"z":0.035301439464092258,"w":0.9645945429801941},"size":5.608540058135986,"orthographic":false}