{"cameraMode":{"drawMode":0,"name":"Shaded","section":"Shading Mode"},"sceneLighting":true,"audioPlay":false,"sceneViewState":{"showFog":true,"showMaterialUpdate":true,"showSkybox":false,"showFlares":true,"showImageEffects":true,"showParticleSystems":true},"in2DMode":false,"pivot":{"x":-4.502404689788818,"y":0.05658245086669922,"z":4.604953765869141},"rotation":{"x":-0.301627516746521,"y":0.39953577518463137,"z":-0.14120328426361085,"w":-0.8541519641876221},"size":14.395047187805176,"orthographic":false}