{"cameraMode":{"drawMode":0,"name":"Shaded","section":"Shading Mode"},"sceneLighting":false,"audioPlay":false,"sceneViewState":{"showFog":true,"showMaterialUpdate":true,"showSkybox":false,"showFlares":true,"showImageEffects":true,"showParticleSystems":true},"in2DMode":false,"pivot":{"x":-3.0502727031707765,"y":-3.482710838317871,"z":34.49933624267578},"rotation":{"x":0.07237223535776138,"y":0.04409417137503624,"z":-0.003242328530177474,"w":0.9964056611061096},"size":31.331079483032228,"orthographic":false}