{"cameraMode":{"drawMode":0,"name":"Shaded","section":"Shading Mode"},"sceneLighting":false,"audioPlay":false,"sceneViewState":{"showFog":true,"showMaterialUpdate":true,"showSkybox":true,"showFlares":true,"showImageEffects":true,"showParticleSystems":true},"in2DMode":false,"pivot":{"x":-7.002936840057373,"y":-0.2618522644042969,"z":19.934274673461915},"rotation":{"x":-0.12192899733781815,"y":0.5643919110298157,"z":-0.08469383418560028,"w":-0.8120582699775696},"size":7.435648441314697,"orthographic":false}