{"cameraMode":{"drawMode":0,"name":"Shaded","section":"Shading Mode"},"sceneLighting":false,"audioPlay":false,"sceneViewState":{"showFog":true,"showMaterialUpdate":true,"showSkybox":true,"showFlares":true,"showImageEffects":true,"showParticleSystems":true},"in2DMode":false,"pivot":{"x":-6.902015686035156,"y":-1.382359504699707,"z":23.562053680419923},"rotation":{"x":-0.07792412489652634,"y":0.11327366530895233,"z":-0.008870629593729973,"w":-0.9904712438583374},"size":15.336698532104493,"orthographic":false}